City,State,Latitude,Longitude,2017-01,2017-02,2017-03,2017-04,2017-05,2017-06,2017-07,2017-08,2017-09,2017-10,2017-11,2017-12,2018-01,2018-02,2018-03,2018-04,2018-05,2018-06,2018-07,2018-08,2018-09,2018-10,2018-11,2018-12,2019-01,2019-02,2019-03,2019-04,2019-05,2019-06,2019-07,2019-08,2019-09,2019-10,2019-11,2019-12,Jan_temp,Jan_precip,Jan_humid,Jan_cloud,Feb_temp,Feb_precip,Feb_humid,Feb_cloud,Mar_temp,Mar_precip,Mar_humid,Mar_cloud,Apr_temp,Apr_precip,Apr_humid,Apr_cloud,May_temp,May_precip,May_humid,May_cloud,Jun_temp,Jun_precip,Jun_humid,Jun_cloud,Jul_temp,Jul_precip,Jul_humid,Jul_cloud,Aug_temp,Aug_precip,Aug_humid,Aug_cloud,Sep_temp,Sep_precip,Sep_humid,Sep_cloud,Oct_temp,Oct_precip,Oct_humid,Oct_cloud,Nov_temp,Nov_precip,Nov_humid,Nov_cloud,Dec_temp,Dec_precip,Dec_humid,Dec_cloud
Newport News,Virginia,37.0870821,-76.4730122,110,126,224,195,219,220,213,214,207,208,144,185,113,122,195,201,210,267,238,215,188,222,202,179,162,158,218,201,223,241,277,224,230,244,212,205,40.3,3.2,68.89,44,48.2,2,69.54,41.9,47.1,3.5,62,39.7,61,3.2,66.57,37.7,70.5,4.7,73.3,38.3,76.2,6.7,73.01,33.5,80,5.5,73.45,28.3,78.2,7.2,75.89,35.5,74.7,3.7,77.96,39.7,64.3,4,75.51,37.1,49.6,2.6,72.19,38.4,44.2,4.9,72.05,38.9
Brownsville,Texas,25.9017472,-97.4974838,115,127,146,144,163,152,147,154,119,135,135,101,132,126,153,147,167,140,143,173,120,123,125,119,113,99,161,140,145,107,92,94,84,111,70,61,62,0.8,75.98,48.7,69.2,1,84.21,59.6,71.4,1.5,79.41,61.1,75.6,0.9,74.2,46.3,81.8,1.2,75.23,52.5,85.2,4.6,76.5,37.2,85.1,1.9,76.52,20.8,86.4,1,74.4,21.5,83,5.9,78.91,27.5,76.3,3.3,76.9,39.7,68.2,1.2,79.15,45.9,63.2,1,77.31,46.5
Overland Park,Kansas,38.9822282,-94.6707917,185,160,272,253,367,420,396,355,309,318,265,288,194,166,278,285,382,403,412,362,246,303,255,254,186,160,227,254,368,378,371,354,259,280,192,227,30.8,0.8,71.93,44.2,36,0.7,68.13,41.8,45,2.5,63.38,50.6,54.8,3.8,62.49,42,67.8,5.9,69.42,36.4,76.5,5,66.99,22.9,79.6,5,68.26,18.6,75.9,7.5,73.35,30.6,73.1,3.3,72.64,25.6,55.6,5.2,70.79,38.7,41.5,0.7,67.32,34.9,35.7,1.3,69.32,38.8
Santa Clarita,California,34.3916641,-118.542586,214,226,337,269,389,443,370,335,324,315,260,293,201,192,280,306,321,369,302,324,238,263,255,213,137,192,276,322,352,333,354,368,288,341,302,307,57.1,4.7,57.5,29.3,55,3.8,59.38,36.5,60.2,2,55.58,30.8,64.6,0.1,51.82,20.4,63.5,0.3,63.85,42.4,70.3,0,62.51,29.2,77.8,0,55.43,10.3,77.4,0,56.56,10.6,74.3,0,55.5,19.7,70.4,0.1,43.36,13.9,63.4,1,48.25,18,56.8,2.2,44.7,14.1
Providence,Rhode Island,41.8239891,-71.4128343,,,,,,166,117,157,91,114,97,114,66,64,91,89,144,157,136,129,122,134,113,98,66,64,90,98,146,152,184,121,97,139,124,126,31.3,5.4,66.18,25.2,34.9,3.4,66.88,7.3,37.5,3.4,56.36,7.2,48.4,6.6,67.57,11,59.3,4,70.46,27.5,67.6,4.1,70.66,26.2,75.9,3,69.87,18.9,73.9,3.4,72.33,21.3,66.3,4.6,76.55,25.1,55.3,5.5,77.93,24.5,41.4,5.1,69.07,23.9,35.3,4.8,66.15,16.7
Garden Grove,California,33.7742692,-117.9379952,103,65,125,135,105,125,101,121,104,118,124,100,86,92,96,122,112,118,118,129,78,81,91,80,96,79,100,130,122,99,109,126,90,116,103,93,57.4,4.8,67.8,42.8,55.7,3.1,68.86,46.2,59.8,1,66.63,44.1,63.3,0.1,64.73,39.4,63.5,0.3,69.29,56.4,67.8,0,71.7,53,73.7,0,68.4,36.4,74,0,67.86,33.5,72.2,0,66.98,36.6,69.3,16.3,57.94,26.4,63,1.2,62.88,36.1,57.4,2.1,60.41,33.2
Chattanooga,Tennessee,35.0456297,-85.3096801,229,227,289,244,333,318,284,300,277,287,261,247,222,235,259,339,336,340,306,325,262,318,253,221,229,196,271,337,335,325,355,342,320,333,257,287,42.3,4.4,65.75,63,51.4,8.1,70.42,73.2,52.1,4.3,58.65,60.1,62.3,7,62.66,58.5,72.5,5,68.73,55.2,76.4,4.6,71.41,59.1,79.8,5.4,72.21,55.9,78.7,3.6,71.42,56.7,76.2,3.8,69.45,46.8,64.1,5.4,71.57,53.7,49.1,4.5,72.56,57.9,45.5,5.8,72.03,65.4
Oceanside,California,33.1958696,-117.3794834,151,171,264,257,261,303,278,309,265,255,188,206,174,177,263,229,254,241,264,254,195,213,180,164,143,190,168,230,249,229,275,270,234,223,188,212,54.7,3.4,74.68,30.1,53.7,3.4,75.75,38,56.9,0.9,78.73,33.6,60.5,0.2,75.17,36.2,61.7,0.8,75.59,60.9,65.5,0,77.31,65.2,71.1,0,75.81,46.1,71.6,0,76.13,45.1,69.4,0,75.3,41.1,65.3,0.1,65.87,27.9,58.9,1.4,69.39,23.7,54,2.2,67.21,19.4
Jackson,Mississippi,32.2987573,-90.1848103,,,,,,,,,,,,,,,,,,167,148,163,123,138,159,143,215,133,159,194,210,172,169,89,88,111,88,92,48,5,71.17,45.6,58.1,5.6,75.61,60.7,59.2,5.1,65.49,42.7,64.7,8.4,70.73,37,74.1,6.2,74.11,32.6,78.6,5.2,76.69,35.2,81.2,4.9,77.71,30.7,80.1,5.8,79.53,31.6,78.4,2.5,75.27,25.1,67.6,5.6,75.19,34,53.8,3.8,75.1,35.2,50.1,6.1,76.36,49.2
Fort Lauderdale,Florida,26.1224386,-80.1373174,295,274,439,399,449,473,374,346,253,334,363,385,330,363,467,435,541,446,445,506,336,432,325,376,302,329,382,458,488,236,414,411,329,354,327,442,68.6,3,72.91,36.9,74.6,1.5,76.38,25.1,72.2,1.5,66.68,25.5,77.1,3,69.2,26.4,80,6.8,74.64,41.4,82.4,9.9,78.21,46.2,84,4.8,75.24,41.9,83.4,10,78.37,40.1,83.2,6.8,77.14,48.5,80.6,5.4,77.87,57.3,74.9,5.1,78.63,55.6,71.1,4.1,77.49,49.5
Santa Rosa,California,38.440429,-122.7140548,130,127,175,173,214,239,208,257,219,167,261,191,178,148,199,189,231,226,218,239,179,217,195,156,152,138,170,175,225,238,214,193,188,196,185,162,48.2,11,88.16,53.4,48.7,10.7,77.61,46.2,51.9,6,79.99,46.8,55.9,3.3,76.84,40.3,58.1,1.6,75.87,42.4,64.2,0.1,67.85,20.8,64.9,0,70.78,20.8,65,0,73.91,28.8,64.6,0.1,67.42,22.6,59.2,0.5,61.73,19.8,52.2,4.3,76.76,34.3,48.1,5,83.95,43
Rancho Cucamonga,California,34.1063989,-117.5931084,185,175,223,204,261,292,226,278,236,182,188,178,155,145,161,199,234,202,197,196,183,172,129,136,123,116,159,183,193,198,215,199,176,194,159,176,56.2,4.2,58.51,51.1,54.5,2.6,60.3,49.8,60.2,0.9,57.34,49.1,64.8,0,52.83,45.2,64.3,0.5,63.35,50.8,72.4,0,59.53,31.5,80,0,52.88,29.7,78.5,0,53.97,25.4,74.8,0,54.17,30.9,70.2,0.2,44.09,25.1,62.9,1.4,48.11,45,57,1.7,46.96,41.6
Tempe,Arizona,33.4255104,-111.9400054,283,268,346,361,333,409,462,452,340,308,280,284,235,296,316,321,365,373,406,423,315,301,264,260,262,243,323,322,377,333,373,455,345,338,268,254,57,0.7,48.14,54,58.3,1.1,47.12,57.3,67.7,0.2,32.19,51,76.5,0,19.65,45.3,81,0,20.64,37.8,93.3,0,15.15,29.8,96,0.7,30.07,58.2,95,1,31.44,47.4,89.3,0.2,31.02,36.9,76.5,1.7,32.1,29.8,66.4,0.7,36.34,48.8,56.4,0.5,45.59,52.9
Ontario,California,34.0633443,-117.6508876,114,122,128,136,153,168,153,147,143,165,139,132,116,115,133,121,129,148,112,161,107,130,113,97,90,73,117,133,134,106,156,156,115,143,111,104,56.2,4.3,58.53,48.4,54.4,2.6,60.53,47.5,60,0.9,57.78,46.4,64.6,0,53.26,42.6,64.1,0.5,63.7,48.6,72.2,0,59.78,30.2,79.8,0,53.17,27.9,78.5,0,54.12,23.9,74.7,0,54.37,29.4,70.1,0.2,44.35,23.9,62.8,1.4,48.4,42.6,56.9,1.7,47.13,38.3
Vancouver,Washington,45.6257379,-122.6760886,350,388,505,447,601,673,584,643,549,566,519,445,347,390,469,486,576,550,595,563,512,565,502,441,365,385,505,513,607,631,613,615,568,535,459,442,40,4.3,80.93,62.4,40,5.6,82.43,77.6,46.4,4,74.91,61.7,52.4,3.6,72.06,66.9,60.2,1.2,67.62,49.2,64,0.9,63.81,47,69.8,0.3,59.5,24.6,70.6,0.3,62.27,28.8,63.6,2.7,70.34,45.9,52.7,3.4,75.06,43.6,46.7,3.5,80.02,61.1,41.8,4.3,81.81,64.8
Cape Coral,Florida,26.5628537,-81.9495331,478,515,739,638,668,718,637,694,421,486,482,592,513,496,626,722,710,660,601,636,474,519,463,450,424,494,597,567,571,492,593,520,478,443,449,639,63.8,2.5,72.49,26,72,1.3,75.08,18.5,69.8,0.5,65.84,14.1,75.6,2,68.48,15.5,79.2,6.1,73.16,23.7,81.8,9.5,78.01,19.6,82,8.5,79.45,15.7,81.8,14.1,80.7,17.5,81.9,7.7,77.34,17.5,79.4,3.4,75.46,18.5,72.2,0.9,75.52,20.1,68.7,3,75.47,22.1
Springfield,Missouri,37.2089572,-93.2922989,280,295,410,412,510,459,433,433,418,424,353,322,335,255,358,381,508,539,481,489,359,439,346,336,278,281,376,425,539,440,501,479,394,443,367,430,34.8,3,69.84,46.8,41.7,3.6,70.21,47.3,47.3,4,64.32,50.5,56.6,6.5,64.84,39.8,68.2,8.6,70.94,34.4,75.5,4.8,69.8,25.6,79.1,1.9,70.18,21.3,75.6,6.3,75.63,34.2,73.5,2.4,72.36,24.9,57.6,4.8,71.95,34.6,44.2,2.2,69.75,39,38.6,2.1,69.34,43.2
Peoria,Arizona,33.5805955,-112.2373779,343,365,508,455,535,497,455,503,417,413,373,363,357,395,537,463,499,508,479,486,384,417,379,367,320,347,477,597,534,483,518,530,423,444,367,418,55.1,0.9,51.73,25.1,56.3,1,49.26,30.4,65.3,0.2,35.29,22.2,74.5,0.1,21.03,17,79.5,0.1,21.53,15.5,91.4,0,15.99,11.4,94.8,3.2,30.88,27,94.1,1.3,31.36,19.3,87,0.7,31.4,16.2,74,1.5,30.76,10.3,63.5,2.2,39.66,15.6,53.8,1.2,47.6,23.3
Pembroke Pines,Florida,26.007765,-80.2962555,228,220,392,350,325,373,358,344,241,269,274,283,202,227,343,307,372,345,342,314,239,308,276,241,178,214,272,319,399,254,307,343,263,286,244,285,68.1,2.7,72.05,47.3,74,1.4,73.68,40.7,71.9,1.8,64.65,36.8,77.1,3.5,67.07,38,79.8,7.9,72.3,42.4,82.1,10.9,76.9,35.4,84.3,9.2,73.47,28.8,83.8,13.4,76.02,32.1,84.1,7.2,73.75,35.9,81.2,5.9,74.68,42.1,75.5,3.4,74.66,41.2,71.3,2.8,73.92,38.5
Elk Grove,California,38.4087993,-121.3716178,136,163,177,210,205,257,255,263,225,222,204,172,160,156,182,217,241,272,234,248,203,226,193,147,138,146,190,211,270,252,292,221,202,206,157,152,48.4,6.4,87.65,49.8,49.5,5.1,73.68,35.7,53.9,3.9,74.34,38.3,59.7,1.8,67.61,28.2,64.2,1.4,62.56,20.8,73.1,0,52.47,7,76.4,0,48.75,6.2,75.1,0,53.74,4.8,71,0,54.09,9,62.7,0.1,49.97,7.6,53.7,1.6,71.16,29.1,47.8,2.1,78.87,32.5
Salem,Oregon,44.9428975,-123.0350963,238,208,286,254,302,357,318,365,335,316,234,276,199,191,260,243,288,299,307,346,272,229,206,202,159,163,213,260,303,274,277,304,258,258,201,228,41.3,5.3,79.35,59.4,41.1,7.6,79.78,75.1,46.5,4.3,72.97,59,51.6,5,71.12,65.5,58.8,1.2,67.22,46.6,63.7,0.6,60.44,41.9,69.6,0.1,55.73,21.7,70.2,0.2,57.78,23.4,62.9,1.9,67.26,40.2,52.6,3.3,72.38,39.7,46.1,3.9,80.4,58.5,41.4,4.9,83.56,63.1
Lancaster,California,34.6867846,-118.1541632,216,204,293,261,289,370,269,358,287,281,277,238,215,214,265,280,282,298,332,296,225,231,196,250,192,186,268,268,422,316,280,312,256,306,263,251,46.2,1.6,64.34,21.9,47.3,1.3,57.8,26.8,53.2,0.9,54.74,19,62,0,39.96,5.2,65.4,0.2,44.89,9.4,78.8,0,29.67,1,85.8,0,26.36,2.5,83.6,0,26.88,1.6,74.8,0.1,34.02,2.7,62.4,0,30.03,3.6,53.4,0.5,39.31,9.1,44.3,1.6,53.7,13.6
Corona,California,33.8752935,-117.5664384,187,188,294,245,305,342,306,302,258,255,197,195,178,187,248,247,267,258,272,247,178,220,197,180,158,176,233,237,263,293,256,296,241,250,192,237,56,5.5,63.25,34.6,53.2,3.7,64.39,29.1,58.4,2.4,63.85,27.9,62.8,0,60.62,20.5,63,0.5,67.4,41.1,70.1,0,66.04,25.4,76.9,0,61.55,7.7,76.5,0,62.57,7.6,72.7,0,63.18,14.9,67.9,0.2,50.85,14.7,60.1,1.6,57.89,18,55,1.7,53.6,20.9
Eugene,Oregon,44.0520691,-123.0867536,225,207,270,269,336,376,368,395,324,311,288,257,229,218,277,311,320,359,356,385,273,291,253,226,184,187,216,271,298,314,345,334,268,258,238,204,40,4.2,87.91,64.4,40.5,7,87.29,73.6,45.1,3.6,82.56,64.5,50.5,5,79.22,68.9,56.8,1.3,76.49,55.6,61.9,1,68.35,49.4,68,0.1,61,29.4,68.7,0.2,62.44,39.8,61.7,2.2,70.29,51.5,51.3,2.3,77.16,46.2,44.7,4.2,86.59,60.1,40.1,4.5,89.09,63.5
Palmdale,California,34.5794343,-118.1164613,212,163,254,244,296,327,229,262,240,246,198,231,187,161,221,248,298,256,284,261,222,236,214,212,189,155,210,239,280,284,259,292,221,262,235,209,46.9,1.5,62.81,20.7,47.9,1.4,56.23,25.5,53.8,1,52.84,17.9,62.4,0,38.85,4.7,65.6,0.1,43.53,8.7,78.9,0,28.94,0.7,85.8,0,26.28,1.8,83.8,0,26.26,1.2,75.1,0.1,33.91,2.2,63.1,0,29.9,2.9,54.4,0.5,38.96,8.4,45.1,1.5,51.78,13
Salinas,California,36.6777372,-121.6555013,96,85,131,89,115,137,95,138,111,121,108,101,86,86,106,109,133,132,106,123,120,117,116,80,109,86,117,112,131,113,125,111,108,129,87,115,52,3.4,77.58,35.8,51.4,2.9,71.24,33.8,54.4,1.8,74.43,32.5,57.1,1,73.11,34.5,58.1,0.5,73.7,55.1,62,0,71.06,37.2,61.2,0,79.46,45.5,62.7,0,79.77,44.3,63.6,0.1,73.21,27.9,59.9,0.2,65,16.2,55.4,1.8,70.83,25.8,52,1.8,69.57,21.2
Springfield,Massachusetts,42.1014831,-72.589811,92,70,115,114,131,146,131,140,127,126,117,125,96,82,95,103,131,166,150,146,129,139,106,120,105,80,112,129,148,133,144,152,134,128,131,133,27.2,4.4,67.64,59.7,32.1,3.7,68.33,56.3,34.7,3.1,58.32,54.1,48.1,6.1,66.37,63.6,59.4,4.1,68.56,67.1,67.7,4.5,68.4,55.4,74,5.3,71.43,46.5,71.3,4.7,74.53,50.9,64.7,5.1,77.19,49.4,54.2,6.8,76.67,55.4,38.3,4.1,68.68,56.1,29.8,4.8,71.18,57.1
Pasadena,Texas,29.6910625,-95.2091006,102,108,155,132,151,145,150,103,125,121,118,136,102,99,117,133,130,130,161,157,121,167,89,121,89,104,143,151,138,103,156,142,106,119,109,122,54.9,3.9,69.68,42.3,61.9,3.1,81.47,40.1,65.4,3.6,71.32,36.4,69.8,2.3,70.73,33.3,78.1,5.9,71.61,44.4,82.6,5.8,74.31,45.5,84.6,4,71.56,39,84.8,15.6,72.94,41.4,81.8,7.8,73.63,42.7,72.7,4.5,70.56,35.7,62.1,1.8,73.97,45.4,57.7,3.9,68.76,46.7
Fort Collins,Colorado,40.5852602,-105.084423,176,193,292,244,373,405,324,328,281,263,265,229,200,181,262,299,354,350,381,343,265,265,221,212,149,168,236,291,324,350,335,358,277,278,214,276,28.9,0.1,64.41,14.3,30.6,0.2,61.45,23.6,40.7,0.8,56.39,19.6,47.9,1.2,55.35,22,55.3,3.2,64.44,30,68.3,1.1,51.72,13.6,73.6,0.8,55.38,12.4,70.7,0.9,55.32,14.9,64.8,0.6,52.85,16.7,45.6,0.7,60.03,23.7,37.4,0.3,65.46,20.9,29.8,0.1,62.32,21.2
Hayward,California,37.6687665,-122.0809964,104,91,139,126,149,169,172,177,156,166,146,120,105,94,124,129,162,163,170,172,116,151,119,126,71,83,114,137,152,151,138,145,112,133,118,114,52.4,3.6,71.43,47.5,52.5,3.2,63.85,43.6,56.3,2.4,65.04,41.2,58.4,1.5,65.51,36.4,59.8,0.8,67.12,51.3,64.4,0,65.13,29.5,65.1,0,68.7,31.4,66,0,70.22,41.8,66.4,0.1,65.1,29.8,62.5,0,56.48,17.8,56.4,1.8,65.45,32,52.2,1.3,66.86,34
Pomona,California,34.055103,-117.7499909,95,84,120,90,103,124,109,111,131,98,110,97,71,68,124,86,92,111,106,102,97,87,71,80,59,58,74,81,81,110,103,90,82,84,98,92,55.5,4.8,59.63,30.2,53.7,2,58.53,29.6,58.4,1.2,60.6,29.4,62.9,0.1,55.35,22.4,62.6,0.5,65.73,35.3,70.5,0,61.57,19.4,77.9,0,55.5,10.2,77.3,0,56.18,10.8,73.4,0,56.28,19.1,69.2,0.2,45.92,15.9,61.9,1.3,49.64,23.9,56.1,1.4,47.23,16.4
Cary,North Carolina,35.79154,-78.7811169,146,137,238,236,299,331,325,311,259,232,221,218,136,158,220,255,318,323,304,285,182,206,175,173,146,154,199,230,264,264,302,262,194,282,202,235,41.6,3.8,64.63,55,50.9,2.1,66.29,59.7,48.9,3.8,58.38,56.5,61.6,6.6,65.51,57.7,71.7,4.6,73.07,58.9,76,4,74.19,64.5,79.6,3.6,72.41,60,77.2,5.4,77.01,59.1,74.2,4,77.93,53.3,63.4,4,77.65,53.2,48.4,3.8,73.08,56.2,44.7,4.1,71.14,59.6
Rockford,Illinois,42.2711311,-89.0939952,216,190,285,251,330,320,280,367,263,286,256,295,220,170,294,257,316,335,298,361,241,295,259,245,165,189,235,240,314,298,336,299,283,282,258,249,22.7,2.1,76.01,68.2,28.4,3.1,72.99,70,36,2.1,63.42,66,47.7,4.3,63.09,73.5,61.1,6.3,69.15,72.5,70.6,8.4,69.78,67.1,74.7,4.3,70.73,56.4,70.8,5.1,74.53,62.1,66.8,5,75.23,58.1,51.4,5,73.57,68.6,34.5,1.6,74.23,74.5,29.4,1.6,75.61,70.1
Alexandria,Virginia,38.8048355,-77.0469214,225,195,331,293,412,436,365,313,239,294,270,249,190,216,327,329,386,407,438,304,281,292,305,313,230,236,279,335,422,354,369,305,257,338,227,259,37.7,2.6,61.91,58.2,43.7,3.1,63.92,54.2,45.1,3.1,53.96,49.3,59.4,3.3,58.93,55,69,6.9,67.84,61.9,75.9,4.6,64.55,59.4,80.9,8.7,66.42,52.9,78.7,4.5,68.83,55.9,74.2,4.1,70.6,56.7,63.2,4.4,69.61,52.6,46.7,3.8,64.37,55.6,41.4,3.3,65.65,60.5
Escondido,California,33.1192068,-117.086421,157,109,190,189,204,246,196,225,166,189,158,167,154,139,196,176,216,192,202,209,154,139,151,129,107,128,153,192,209,169,201,198,161,175,137,175,54.8,3.9,68.91,29.3,53,4.3,72.21,39.7,56.5,1.2,73.31,33.6,60.3,0.2,70.4,32.6,61.1,0.8,74.05,58.6,66.1,0,72.8,50,72.4,0,70.01,29.3,72.4,0,70.23,30.2,69.8,0,69.7,34.3,65.6,0.3,58.88,23.9,59.7,1.7,61.29,22,54.4,2.1,61.68,19.1
McKinney,Texas,33.1983388,-96.6389342,246,261,341,315,389,432,378,454,311,305,287,275,286,275,352,371,450,392,405,366,277,317,271,232,174,235,287,329,415,356,381,356,304,326,259,277,44.7,1.8,67.07,34.9,51.3,3.8,75.44,49.1,58.3,2.3,66.32,35,63.3,3.6,70.69,37.4,73.9,3.6,71.72,32.5,80.3,4.7,72.47,29.9,84.1,2.1,67.06,15.3,83,3.9,69.66,21.5,78.6,4.2,71.72,31.5,64.8,6,71.15,33.4,53.6,1.9,69.79,35.2,47.1,3.8,69.57,35.6
Kansas City,Kansas,39.1155314,-94.6267873,201,123,170,191,245,216,239,210,252,203,190,191,181,135,174,205,254,219,233,241,230,212,169,169,171,138,174,193,245,250,251,244,211,199,184,205,32.1,0.6,67.11,46.8,37.5,0.7,62.62,42,46.2,2.1,59.07,51.6,56.4,2.6,58.45,42.2,69.5,5.9,64.97,36.5,78.5,5.8,61.77,22.3,81.7,4.5,62.85,19,77.8,8,67.99,29.7,75.3,2.8,66.41,27.3,57.1,5.1,66.4,39.5,42.8,0.5,62.24,35.9,36.9,1.1,64.46,39.3
Joliet,Illinois,41.525031,-88.0817251,173,126,193,151,183,224,211,241,244,200,198,167,175,108,131,150,193,239,199,237,143,228,167,145,126,112,158,175,188,235,186,229,191,175,151,155,25.4,1.5,81.07,58.8,31.7,2.5,78.42,55.3,37.4,2.6,69.92,48.8,49.3,3.4,67.88,44.2,62.1,6,73.41,48.2,71.4,5.7,71.3,39.8,75.3,11.1,73.36,28.8,72.2,7.1,75.73,34.6,68.6,4,76.32,32,53.5,5.9,76.67,50,36.7,1.9,78.46,49.4,31.5,1.5,80.02,51.3
Sunnyvale,California,37.36883,-122.0363496,47,45,77,78,121,113,93,107,88,92,74,66,52,59,104,106,120,109,109,113,83,86,97,62,36,50,76,101,100,96,81,77,52,85,79,59,51.7,3.7,78.13,46.6,52.4,3.6,68.67,42,55.4,2.3,71.57,40.1,59.2,0.8,67.38,32.5,61,0.3,68.4,37.9,66.6,0,65.39,21,67.2,0,71.51,21.2,68,0,71.68,27.3,67.7,0,64.93,21,63.1,0.1,59.15,18.4,56.3,1.3,69.21,32.8,51.6,1.1,71.88,34.1
Torrance,California,33.8358492,-118.3406288,108,100,123,125,138,190,147,183,138,110,108,104,77,68,111,108,119,114,120,122,105,103,94,79,79,48,95,99,118,100,98,128,109,131,86,98,57.8,4.6,67.03,42.3,56.2,2.7,66.29,42.7,59.4,1.4,67.06,41.6,62.2,0.1,65.87,37.7,62.4,0.3,71.52,56.1,66.2,0,74.8,55.4,71.8,0,73.33,37.3,72.2,0,74.06,36.9,70.7,0,72.65,38.2,68.8,0.2,61.54,27.7,63.1,1.3,63.56,34.9,58.3,2,57.59,31.5
Bridgeport,Connecticut,41.1792258,-73.1894384,56,62,73,50,74,72,74,83,75,89,75,69,74,55,68,69,78,82,98,88,67,87,79,77,68,65,50,81,78,81,79,80,89,92,75,64,32.1,4.4,64.65,22.5,34.7,5.1,69.02,5.6,37.9,3.7,57.96,4.8,48.5,5.3,69.17,7.6,59.8,4.5,71.61,20.8,68.7,3.5,70.06,18.1,76.2,4.7,70.74,10.5,74.5,3.2,71.65,14,68,3.7,74.27,21.2,57.5,6.7,74.64,19.9,42.5,3.4,66.93,19.8,36.6,5.7,66.34,19.4
Lakewood,Colorado,39.7047095,-105.0813734,190,151,250,223,277,285,278,287,263,260,233,174,177,143,233,272,249,304,305,280,229,239,189,192,148,177,208,241,262,258,328,314,232,243,199,204,32.4,0.5,54.3,58.4,33.5,0.4,55.21,59.3,42.1,1.4,50.91,61.3,48.6,0.9,51.05,64.5,55.5,2.9,59.26,65.6,68.5,1.9,45.17,56,74,2.3,47.62,55.7,71.4,1,47.72,53.3,66.3,0.7,44.17,48.9,47.3,0.9,52.7,49.8,40.1,0.5,55.04,52.3,33.4,0.1,48.59,50.7
Hollywood,Florida,26.0112014,-80.1494901,204,203,281,284,328,332,287,303,209,257,221,314,258,246,305,328,312,323,324,299,231,338,254,231,222,204,252,302,387,232,302,316,263,287,229,322,68.4,2.8,73.39,44.9,74.3,1.5,75.94,36.4,72.1,1.8,65.92,35,77.1,2.9,68.66,36.1,79.9,7.2,73.85,45.8,82.3,10.5,77.91,47.4,84.2,6.7,74.72,42.2,83.6,12.4,77.5,41.4,83.6,7.2,76.09,46.2,80.8,5.9,76.66,52.6,75.2,4,77.07,51.3,71.2,3.6,75.81,45.3
Paterson,New Jersey,40.9167654,-74.171811,141,137,139,148,150,146,152,185,138,136,125,125,172,146,122,161,180,175,124,130,128,199,156,130,184,94,156,146,144,129,133,133,105,158,101,106,32.5,3.1,63.23,49.1,38,3.1,63.56,44.9,39,3.8,56.29,46.3,52.8,4.2,61.13,51.5,63.2,5.5,67.64,54.1,72,3.5,63.45,38.7,77.7,6.5,67.56,36,75.2,6.2,71.8,37.3,69.5,2.8,73.37,43.4,59.2,4.7,72.37,50,43.2,3.5,65.38,42.5,36.2,4.4,67.81,49.7
Naperville,Illinois,41.7508391,-88.1535352,275,198,352,305,421,470,453,449,309,291,278,275,184,172,229,332,368,470,365,329,243,264,214,172,145,124,196,231,300,348,314,296,263,211,207,191,24,1.7,80.28,55.7,30.2,2.2,77.21,51,36.3,2.5,69.05,47.5,48,4,67.78,44.3,61,6.9,72.54,47.1,70.4,4.3,70.12,37.9,74.5,5.6,71.39,26.6,71.2,5,74.79,33.4,67.6,3.8,75,32.7,52.5,6.9,75.55,48.4,35.3,1.7,77.54,50.7,30,1.5,78.5,49.2
Syracuse,New York,43.0481221,-76.1474244,117,116,127,137,148,164,139,207,121,152,105,95,99,80,74,110,116,128,138,154,103,167,93,83,72,63,73,82,96,136,137,121,,,,,24.7,3.2,76.37,83.3,30.5,3.1,74.35,83.8,31.2,3,69.49,77,46,3.7,68.98,79.8,58.5,5,72.27,79.7,66.2,4.3,71.16,70.4,72.8,4.3,72.92,67.4,69.9,3.3,76,68.6,64.4,2.7,78.87,68.7,53.3,5.8,76.85,75.9,36.4,3.7,73.27,85.1,28.7,3.3,78.63,85.1
Mesquite,Texas,32.7667955,-96.5991593,150,170,213,189,218,202,228,249,215,213,187,202,179,178,217,215,254,217,252,250,201,216,175,168,118,185,181,206,238,188,233,195,199,226,169,198,46,2.3,63.93,34.2,51,8.3,75.41,46.6,59.2,3.5,63.07,33,62.9,4.2,66.59,33.8,75,3.9,69.92,36.2,80.7,6.2,69.61,43.2,84.1,1.8,64.12,27.6,83.3,8.2,66.48,34.7,79.2,6.3,68.37,38.5,65.8,10.2,68.87,37.9,55.3,4.1,68.11,36.3,48.7,61.9,67.79,41.9
Dayton,Ohio,39.7589478,-84.1916069,140,148,207,186,238,189,269,258,252,249,189,188,195,161,252,239,205,273,259,300,204,233,230,232,244,192,211,275,249,238,256,246,239,290,259,235,30.2,3.1,76.48,73.4,38.6,4.5,73.36,67.5,39.6,4.2,65.11,60.3,53.4,5.1,63.89,59.3,66.2,5.4,70.28,57.1,72,5.3,70.45,50.4,75.5,5.6,72.14,42.9,73.3,3.3,72.09,44.6,70,3.6,72.36,42.7,57.1,3.2,72.71,49.2,40.1,4.2,73.6,62.8,34.7,3,75.76,60.8
Savannah,Georgia,32.0808989,-81.091203,302,331,431,360,499,481,388,389,340,347,370,388,254,336,421,378,396,473,364,372,321,339,333,307,279,278,390,431,398,397,473,372,291,361,323,361,51.6,3.9,70.96,32.6,60.7,1.6,76.3,37.6,59.4,1.2,63.61,30.2,67.2,3.4,71.45,28.5,76.2,7.4,72.49,29.2,80,6.3,77.46,37.3,81.7,7.4,76.12,33,81.1,6.3,79.66,37.9,79.3,4.8,77.07,29.4,72.1,7.3,75.7,29.9,57.6,3.7,77.22,38.8,54.5,6.4,76.54,44.1
Clarksville,Tennessee,36.5297706,-87.3594528,235,265,350,372,448,480,433,428,421,378,368,393,314,301,416,407,489,567,476,529,432,397,360,331,308,321,351,403,489,506,557,494,460,476,401,394,38.2,3.4,70.74,34.9,47.2,8.1,70.92,33.1,48.4,4.5,63.16,28.4,59,5.1,64.9,25.4,70.3,6.1,71.73,22.6,75.5,6,72.95,20,78.5,4,75.51,17.5,76.3,5.4,75.88,19.5,73.4,4.5,72.97,15.3,60.2,6.3,74.42,20.3,45.3,4.5,72.79,27.7,41.7,5.3,72.54,30.8
Orange,California,33.7879139,-117.8531007,95,96,158,137,129,180,153,150,130,135,94,111,89,94,114,121,151,134,122,134,100,98,99,106,80,122,101,125,117,127,156,110,124,138,114,119,57.8,4.5,66.67,44.5,56,3.2,67.75,47.8,60.1,0.9,65.6,45.8,63.4,0.1,64.17,41.9,63.6,0.3,68.99,58,67.8,0,71.44,54.7,73.7,0,68.29,39,74.1,0,68.15,36.4,72.4,0,67.12,38.6,69.6,10.9,57.37,28,63.4,1.2,61.78,38.5,57.9,2.2,59.2,35.2
Pasadena,California,34.1477849,-118.1445155,92,116,157,129,180,198,162,182,159,135,118,109,81,88,136,145,139,147,157,176,109,130,100,108,73,88,105,125,130,136,155,147,118,141,147,110,56.9,4.8,61.39,27.2,55.5,3.5,61.5,37.4,60.5,1.9,58.83,30.7,64.4,0.1,56.46,21.8,63.6,0.4,66.15,45.7,69.4,0,66.52,35.8,76,0,62.01,13.1,75.8,0,63.44,15.7,73.6,0,61.42,23.9,70.1,0.2,50.94,17.1,63.4,1.1,54.73,19.3,57.7,2.1,51.11,13.7
Fullerton,California,33.8703645,-117.9242123,95,109,131,140,166,147,187,167,142,117,115,102,85,95,113,142,158,131,139,114,103,120,101,75,92,93,103,99,118,147,145,122,128,121,97,105,57.8,5,65.32,36.1,56.2,3.1,66.46,41.6,60.8,1.2,63.27,37.9,64.5,0.1,60.71,32.8,64.5,0.5,66.34,53.4,69.1,0,68.44,47.9,75.2,0,64.47,27,75.4,0,64.83,25.4,73.3,0,64.12,31.9,70.1,6.8,55.03,23.6,63.5,1.2,59.88,28.7,57.5,1.9,58.1,25.5
Killeen,Texas,31.1171194,-97.7277959,127,162,196,185,227,207,262,184,208,174,160,204,150,160,189,209,236,261,269,236,187,247,196,202,181,180,240,272,325,217,305,329,249,238,221,239,48.6,2.2,63.68,40.7,54.6,1.7,73.51,55.3,61.4,2.1,64.35,43.5,66,5.8,66.83,39.1,74.8,4.6,69.87,46.1,81.1,3.7,68.59,38.1,85,1.3,59.37,23.4,84.3,2.7,62.35,26.5,79.3,4,68.64,35.4,66.9,4.7,67.65,35.2,56.8,1.1,68.92,37.1,49.8,2.6,68.7,38.3
Frisco,Texas,33.1506744,-96.8236116,206,223,273,263,363,385,397,340,242,281,230,251,216,214,257,290,338,347,348,333,198,251,197,193,141,139,255,304,353,302,344,355,234,238,220,261,45.8,1.8,63.83,42,52.2,3.9,72.25,54.7,59.6,2.3,62.23,42.4,64.6,3.8,66.06,44.3,75,3.8,67.32,41.3,81.3,4.7,68.09,39,85.2,1.8,62.02,25.8,84.2,3,64.98,31.2,79.7,4.3,67.49,37.6,65.9,6.8,67.36,37.8,54.8,1.9,66.72,40.6,48.3,3.7,66.18,44.9
Hampton,Virginia,37.0298687,-76.3452218,129,141,152,166,186,174,160,210,176,173,177,167,151,123,188,189,231,210,215,229,152,188,160,173,143,147,201,219,228,236,205,231,218,207,179,186,41,5.3,71.24,38.1,47.7,2.1,72.86,25.5,47.3,3.2,64.26,19.4,59.9,3.6,70.67,18.9,71.2,6.9,72.73,32.3,76.3,6.6,74.22,29.4,79.9,7.5,75.48,26.1,78.5,9,77.47,27.2,75.5,10,80.45,30.5,65.4,3.8,75.98,22.4,50.3,2.9,74.53,27,46.2,5.1,70.89,22.8
McAllen,Texas,26.2034071,-98.2300124,114,102,148,106,141,147,123,153,131,139,124,120,118,113,142,166,154,142,130,157,137,123,108,93,116,85,111,117,116,109,116,125,115,122,105,99,62,0.9,67.25,45.6,70.2,0.6,72.07,57.7,73,2,70.03,61.2,77,1.1,65.23,44.2,83.4,1.6,68.2,50.5,87.1,5.9,67.52,34.1,87.5,0.9,65.74,18.7,89.1,0.3,61.89,18.1,84.8,4.2,71.08,29.6,76.9,3.4,71.24,38.5,68.3,1.9,73.3,45.8,62.9,0.7,70.34,42.7
Warren,Michigan,42.5144566,-83.0146526,281,211,260,227,286,299,289,351,293,293,266,253,250,220,238,282,301,335,308,318,303,335,261,231,248,175,270,213,237,205,259,339,243,287,239,279,26.4,1.6,74.05,51.2,30.4,1.9,73.58,42.6,33.8,2.3,63.73,34.8,46.6,3.6,63.83,36,59.8,5.4,64.96,38.8,68.9,2.8,63.82,32.6,74.9,3.3,64.38,26.3,72.7,4.2,66.55,29.1,67.2,3,73.66,29.5,54.3,4,73.55,42.5,37.1,2.7,73.27,52.3,32.7,1.6,72.76,47.9
Bellevue,Washington,47.6101497,-122.2015159,127,120,164,182,260,250,240,246,202,192,158,149,119,123,154,201,227,249,210,176,133,151,146,105,110,169,171,193,230,165,202,227,183,161,147,145,41.5,3.5,75.55,51.3,39,3.8,75.73,63.7,47,2.2,66.45,42.2,51.8,3.3,71.38,63.6,60.1,0.6,66.45,56.9,62.6,0.7,62.99,58.7,68.9,0.4,59.87,36.9,69.5,0.1,62.81,33.9,63.1,1,68.51,56.7,51.8,2.8,76.64,50.9,46.6,2.8,80.05,51.1,42.8,4.8,83.04,65.6
West Valley City,Utah,40.6916132,-112.0010501,128,153,178,143,194,215,157,191,193,191,156,169,131,150,169,190,197,211,187,234,175,170,165,160,119,122,183,172,201,176,211,205,176,234,150,185,30.8,1.7,78.02,56.8,34.8,1.6,66,62.7,42.7,3.4,64.95,57,51.2,3.1,57.77,51.5,58.4,2.5,55.4,45.2,70.8,0.2,37.91,25,81,0.4,33.89,25.1,77.9,0.4,33.75,19.9,67,1.5,42.75,26.1,47.7,1.1,56,33.8,40.6,1.2,65.4,41.9,31.5,1.4,82.25,61.9
Columbia,South Carolina,34.0007104,-81.0348144,430,408,629,475,571,660,633,570,503,506,459,533,485,410,590,546,629,648,627,650,476,542,459,499,401,392,532,565,623,646,646,606,499,518,422,499,47.8,4,64.49,36.6,56.7,1.6,67.25,48.1,55.9,2.7,57.56,38.3,65.8,4.1,63.1,35.4,75.4,4.4,66.25,35.2,79.4,5.9,68.36,35.8,81.9,5.6,69.83,32.4,81,2.6,70.98,37.5,78.8,4.3,68.21,30.2,68.4,3.5,71.07,34.2,53,3.5,72.41,39.3,50,6.8,71.9,43.7
Olathe,Kansas,38.8813958,-94.8191285,145,115,195,202,312,354,337,352,321,234,209,233,148,184,228,246,340,354,331,309,239,290,229,185,153,174,215,213,270,311,263,260,220,219,184,210,30.1,1,75.03,42.6,35.1,0.8,71.83,41.8,44.2,2.8,66.28,50.1,54,4.5,65.1,41.9,66.9,6,72.02,36.2,75.5,4.7,69.99,23.4,78.6,4.9,71.29,18.6,74.9,7.6,76.48,31.2,71.8,3.6,76.43,24.7,54.8,5.5,73.42,38.3,40.8,0.9,70.6,34.3,35,1.6,72.36,38.6
Sterling Heights,Michigan,42.5803122,-83.0302033,174,136,190,132,221,287,212,277,219,234,201,184,177,102,143,187,193,217,213,216,189,216,168,158,130,105,202,146,197,139,210,201,172,202,183,168,26.5,1.5,75.61,56.2,30.6,2.2,74.54,48.4,33.9,2.9,65.55,41.2,46.8,4.2,64.86,43.2,59.9,5.4,65.55,42.8,68.9,4.3,65.38,38.3,74.8,3,64.49,29,72.8,7,68.02,33.3,66.9,3.4,74.78,31.6,53.3,5.4,74.26,45.4,37.3,3.5,74.44,52.8,32.8,1.7,74.13,53.7
New Haven,Connecticut,41.308274,-72.9278835,36,40,48,39,48,71,58,62,42,36,44,42,36,38,31,50,44,94,75,61,26,53,43,27,39,21,42,37,57,95,71,50,41,53,41,48,31.7,2.7,65.95,35.2,35.1,3.3,68.99,21.6,37.8,2.6,58.28,22.3,48.8,5.3,69.56,27,59.2,4.4,72.96,39,68.1,2.6,72.47,32.4,75.3,3.7,74.1,32.3,74.3,3,73.98,38.5,68,3.8,75.85,34.1,58.1,6.2,75.24,35.5,43.3,3.3,66.51,32.2,36.1,4.4,66.62,32.2
Miramar,Florida,25.9860762,-80.3035602,179,141,233,163,207,215,233,202,148,188,159,198,130,137,244,197,201,209,215,195,149,183,173,158,124,141,168,173,244,144,232,193,157,184,159,167,68.1,2.6,71.95,46.5,74,1.3,73.7,40.3,72,1.7,64.62,36.4,77.1,3.5,67.14,37.7,79.9,7.9,72.47,41.9,82.1,11.2,77.18,34.8,84.2,9.5,73.94,28.2,83.8,13,76.46,31.6,83.9,7.6,74.41,35.3,81.1,6.1,75.07,41.4,75.4,3.3,75.12,40.7,71.2,2.7,74.21,38.2
Waco,Texas,31.549333,-97.1466695,118,133,203,202,216,245,179,206,188,170,186,179,124,144,182,193,246,209,244,213,180,184,138,137,132,151,199,189,205,206,204,206,183,157,143,141,47.4,2.4,67.39,31.5,54,2.5,74.87,43.4,60.6,2.4,67.61,32.6,65.3,4.7,70,31.9,75.3,3.9,70.77,32.4,82.1,3.8,68.49,26.9,85.9,1,60.2,13.4,85.3,1.7,62.02,16.9,80.4,2.1,67,29.9,67.2,6.4,68.99,28.7,56.3,1.7,70.88,29.8,48.9,2.4,71.38,30.1
Thousand Oaks,California,34.1705609,-118.8375937,103,115,160,172,213,222,187,191,173,153,153,168,106,86,169,151,183,199,163,201,126,156,120,122,101,108,138,146,188,189,209,163,133,164,117,123,57.5,4.6,61.42,32.5,54.7,3.4,65.2,39.8,58.5,2.3,64.29,36.9,61.3,0.1,63.25,33.3,61.1,0.4,71.36,47.3,65.8,0,72.16,48.8,71.3,0,68.54,32.8,71.8,0,67.96,27.9,70.5,0,65.24,27.8,68.1,0.1,51.84,16.1,62.3,1.1,55.68,23.9,57.6,2,49.62,15.3
Cedar Rapids,Iowa,41.9778795,-91.6656232,210,250,253,247,310,357,283,299,264,252,296,214,198,191,263,253,353,383,274,321,251,254,244,209,156,189,197,217,301,356,297,285,249,262,190,187,21.2,0.9,80.56,50.8,26.1,1.6,77.96,40.6,35,2,71.39,46.6,48.1,2.9,67.79,43.7,61.9,5.5,73.96,44,71.7,5.4,72.16,30.7,74.2,2.7,78.06,20.8,69.8,4.3,80.4,28.9,66.9,4.8,77.84,30.5,50.2,3.8,75.42,43.1,33.7,1.2,77.18,48.2,28,1.2,79.26,42.9
Charleston,South Carolina,32.7764749,-79.9310512,314,330,486,390,483,532,501,505,338,366,408,367,327,368,537,471,524,666,518,442,338,397,348,350,296,309,431,438,490,499,544,484,332,431,341,404,51.7,4.1,71.91,12.7,59.2,0.8,78.63,0.4,58.9,0.4,62.87,0.6,66.2,3.4,71.87,1.1,76.8,4.8,74.34,19.7,80.8,5.9,78.51,12.2,82.6,9.2,78.01,19,82,2.6,81.02,14.4,80.2,1.7,79.94,13.5,73,1.6,75.29,11.4,57.6,4.1,78.68,19,55.1,7.8,77.18,16.4
Visalia,California,36.3302284,-119.2920585,131,152,170,198,216,248,197,217,196,185,161,193,146,169,197,188,208,227,234,212,164,211,155,142,128,178,202,200,231,224,210,202,171,202,186,162,49.1,2.4,85.19,40.8,50.3,2.1,75.43,30.6,55.7,2,72.91,27.9,63.2,0.5,59.9,15.6,68.3,0.7,55.71,18,78.2,0,47.33,1.6,82.8,0,47.05,0.6,80.8,0,51.12,0.5,74,0.1,52.11,1.6,62.9,0.1,56.07,2.7,54.8,0.9,68.53,15.7,47.3,0.8,80.6,30.5
Topeka,Kansas,39.0473451,-95.6751576,139,136,230,214,276,255,277,242,209,230,156,179,145,142,201,222,269,304,284,261,191,278,201,171,133,135,180,210,271,213,200,225,151,179,142,148,30.9,1.2,70.08,40.3,35.4,0.9,67.58,39.7,45.2,2.7,64.51,48.8,54.9,3.5,64.59,41.1,68,6.1,71.05,35.2,77.1,5.6,68.99,20.1,80.1,3,70.48,16.1,76,8.6,75.79,30,72.9,1.8,74.98,27.3,55.2,4,71.15,37.4,41.5,0.9,66.44,33.3,35.4,1.9,68.06,36.5
Elizabeth,New Jersey,40.6639916,-74.2107006,45,43,34,31,37,38,29,45,35,41,49,41,55,33,30,52,40,38,46,55,36,48,38,48,48,35,27,39,43,31,31,45,47,45,34,44,33.9,3.7,61.35,55.9,38.9,3.7,62.82,51.5,40.2,4.6,54.39,48.1,53.4,4.5,60.53,54.3,63.6,6.1,66.07,61.9,72.5,4.6,61.32,55.4,78.7,6.7,64.28,49.3,76.3,5.7,67.29,50.8,70.8,3.2,68.7,52.3,60.2,5.3,69.42,51.7,44.5,3.7,62.35,51.7,37.8,4.9,65.24,55.6
Gainesville,Florida,29.6516344,-82.3248262,253,256,351,364,455,524,449,402,269,273,265,311,209,244,336,406,456,531,473,420,277,326,235,279,235,283,297,408,487,471,471,400,259,260,291,367,55.3,3.7,71.86,32.8,65.4,1,74.34,42.2,62.9,1.7,63.36,28,70.1,4.4,66.61,30.1,77.1,5.4,68.21,30.9,79.9,10.6,77.85,33.9,79.9,9.1,80.89,28.6,80.3,8.1,80.92,31,79.4,6.4,77.03,25.6,73.2,2,77.83,30.4,62.1,2.6,79.26,34.9,58.7,7,80.74,46.1
Thornton,Colorado,39.8680412,-104.9719243,193,148,197,223,253,273,262,281,224,247,242,197,179,164,219,269,240,247,278,289,203,211,200,190,142,163,173,217,273,280,284,285,271,229,199,199,31.7,0.7,58.29,40.9,32.8,0.5,56.95,44,41.9,1.3,50.42,46.1,48.7,1,50.16,55.2,55.7,3.8,59.23,58.4,68.9,1.7,44.74,45,74.6,2.3,46.13,45.1,71.3,2.1,47.71,47.5,66.2,0.8,44.76,47.5,46.9,1.2,53.07,44,39,1.3,57.69,38.3,32.5,0.2,50.72,41.9
Roseville,California,38.7521235,-121.2880059,118,152,204,208,291,289,249,286,209,234,206,196,141,152,211,238,255,283,232,225,177,188,196,167,146,164,203,231,308,263,269,260,206,214,187,196,47,6.2,86.26,55.6,48.7,5.9,73.44,40.5,53.4,4.8,72.82,38.4,58.9,1.6,66.04,29.2,64.7,0.6,59.87,20.4,74.2,0.1,47.79,7,78.8,0,41.3,4.3,76.4,0,47.85,5.6,71.2,0,48.75,8.6,62.3,0.8,47.2,9.1,52.6,1.9,66.41,33.6,46.7,3.6,80.1,37.5
Carrollton,Texas,32.9756415,-96.8899636,126,122,186,190,230,220,198,186,185,161,140,178,116,114,169,174,193,188,219,207,157,161,147,173,106,132,189,209,192,172,212,206,158,169,149,133,47.3,1.9,60.15,50.6,53.3,5.2,68.7,61.9,61.1,2.7,57.84,52,65.9,3.8,61.43,53.5,76.3,4.3,62.78,53.9,82.4,4.8,63.71,52.4,86.5,1.4,56.82,41,85.4,3.6,60.31,44.6,81,4.4,63.02,46.3,67.1,7.8,63.4,44.4,56.1,1.4,63.42,48.8,49.5,3.5,63.37,52.9
Coral Springs,Florida,26.271192,-80.2706044,178,168,220,200,268,264,230,286,189,194,184,221,145,154,200,207,225,282,231,241,198,247,213,176,154,138,196,212,275,146,272,228,201,222,179,222,68.2,3,73.04,46.4,74.3,1.9,74.58,40.2,72.1,1.6,64.87,36.6,77.4,3.3,66.74,39,80.5,6.6,70.83,41.4,82.3,8.4,76.37,35.3,84.2,4.8,73.24,30.6,83.6,7.2,76.47,33.9,83.4,6.8,75.29,40.1,80.6,6.7,76.02,46.3,74.9,4.9,76.85,43.7,71,3.8,76.06,42.5
Stamford,Connecticut,41.0534302,-73.5387341,75,49,91,96,121,135,116,125,105,104,95,88,92,75,97,93,120,137,133,112,111,86,101,95,59,60,80,93,128,113,112,145,118,108,78,105,31,3.1,65.46,39.2,35.4,2.9,65.65,33,36.6,3,56.61,36.9,49.7,4.4,65.95,38.6,59.8,5.2,70.31,50.4,68.8,3,68,37,74.6,4.6,71.12,37.1,72.4,4.2,73.63,36.9,67,3.8,74.99,36.1,57.6,5.8,73.49,39.2,41.8,3.2,65.79,39.6,34.8,4.5,66.73,37
Simi Valley,California,34.2694474,-118.781482,119,97,158,135,175,207,166,170,172,178,182,120,103,106,153,150,183,160,210,172,125,166,118,118,113,86,150,189,174,178,171,180,142,168,132,132,57.5,5,58.98,28.9,55,3.8,61.66,35.8,59.5,2.2,58.95,30.8,63.3,0.1,55.58,23.9,62.4,0.3,66.13,42.2,68.3,0,65.57,37.5,74.9,0,59.96,18,74.9,0,60.46,16.7,72.5,0,59.31,22.3,69.3,0.1,46.48,13.8,62.7,1.1,52.07,20.9,57.6,2,47.37,15.2
Concord,California,37.9779776,-122.0310733,201,208,291,256,342,409,274,347,304,321,247,233,194,183,256,269,325,290,303,352,270,281,239,227,150,169,250,258,378,251,343,316,281,283,245,240,51,5.3,76.5,44,52,4.3,68.49,34.5,55.7,3.4,69.42,30.6,60.6,1.7,63.63,23.8,63.2,0.5,61.39,23.7,70.9,0,53.04,6.6,73,0,52.38,3.1,72.4,0,55.97,10.9,70.9,0,53.33,8.3,64.7,0,47.98,6.4,56.2,2.2,63.63,28.7,50.8,1.8,70.49,27.7
Hartford,Connecticut,41.7658043,-72.6733723,26,42,33,35,42,54,33,26,29,38,34,29,32,27,31,32,36,31,40,35,38,36,22,39,57,23,33,33,30,41,39,28,28,41,20,,29.9,4,65.8,50.1,35,3.1,65.73,46.2,36.9,2.8,57.37,46.9,49.9,5.5,65.26,54.2,60.7,3.5,68.15,57.5,69.2,3,67.75,42.2,75.7,5.5,70.51,37.5,73.6,4,72.54,39.2,66.9,3.8,75.31,43.9,56.7,6.5,74.77,51.8,40.9,3.6,67.04,48,32.9,4.5,68.46,49.2
Kent,Washington,47.3809335,-122.2348432,144,133,149,146,188,219,206,197,175,181,165,151,98,146,139,153,197,197,201,172,122,143,124,138,109,166,156,134,159,153,191,170,156,159,125,126,42.4,4.7,77.62,72.9,39.8,4.5,77.29,79.4,46.6,3.1,71.1,66.9,51.3,3.9,71.69,77.3,59.3,1,67.63,62.2,62.5,1,63.9,65.4,68.2,0.3,60.48,43,68.8,0.4,63.29,47.8,62.6,1.4,69.5,62.2,52,3.6,75.57,57,47,4.6,78.73,73.1,42.6,5.5,81.13,75.9
Lafayette,Louisiana,30.2240897,-92.0198427,149,143,202,156,220,238,210,188,200,172,171,195,145,155,204,200,257,228,217,189,172,205,171,171,150,170,166,230,231,403,219,200,180,222,160,164,53.1,4.6,72.43,39.8,64.2,2,79.95,67.7,64.7,1.7,71.48,42,69.3,2.6,71.99,38,77.3,6.4,75.5,36.5,80.5,8.9,81.09,40,82.1,6.7,81.15,29.5,81.3,10.4,83.28,32.1,79.7,4.2,80.01,26.3,71.5,4.9,78.78,29.7,59.2,5,77.52,33.7,55.1,5.2,79.11,47.6
Midland,Texas,31.9973456,-102.0779146,217,149,290,260,290,288,269,293,231,269,248,233,216,237,265,312,283,339,285,348,291,304,286,196,235,206,270,302,254,288,291,293,230,254,170,230,46.5,0.3,50.1,9.3,53.6,0.2,48.37,6.2,60.9,0.6,46.2,7,67.4,1.1,45.73,7.5,76.5,1.7,47.09,6.8,83.5,1.8,48.98,10.6,85.2,1.5,44.89,7.4,84.5,1.9,49.3,11,77.7,2.5,58.68,22.7,64.5,1.6,57.85,15.1,54.2,0.7,57.82,12,47,0.6,58.95,13.2
Surprise,Arizona,33.6292337,-112.3679279,328,366,537,445,452,518,437,477,409,391,392,417,351,377,472,453,500,482,427,443,363,396,403,331,329,352,461,502,512,494,449,467,425,454,378,370,54.5,0.9,54.12,22.4,55.8,0.8,52.33,27.1,64.9,0.4,37.17,17.3,74.1,0.1,22.55,12.1,78.9,0.2,22.98,13.7,91.1,0,16.5,9.1,94.7,3.8,31.47,23.7,94,1.5,31.95,15.6,87,0.8,32.16,13.1,73.6,2,33.51,9.7,63,4.1,41.4,12,53.2,1.5,51.38,20.2
Denton,Texas,33.2148412,-97.1330683,91,121,145,153,190,185,238,196,178,174,143,163,101,137,168,165,205,220,189,196,149,173,142,133,115,127,151,186,186,163,190,215,129,164,110,162,44.3,1.4,63.93,32.1,51,3.7,70.98,45.6,58.5,2.1,62.54,33.9,63.8,4,66.87,36,74.3,4.4,67.64,32.3,81,4.5,67.59,27.6,85.1,1.1,61,16.5,83.6,4.4,65.54,22,78.6,2.4,69.64,33,64.6,5.4,67.83,32.9,53.3,1,67.33,34.8,46.5,2.6,67.85,36.5
Victorville,California,34.5362184,-117.2927641,190,156,211,205,222,243,205,242,206,207,176,181,138,144,171,192,208,221,219,233,167,204,166,146,143,127,165,196,195,206,199,204,199,222,180,169,45.9,0.8,57.17,22.1,45.8,2.1,52.6,22.9,52.7,1.2,48.05,16.4,60.6,0.1,36.7,11.8,62.5,0.4,42.86,17.3,75.5,0,27.7,7.8,81.2,0.1,28.39,13.1,79.7,0.1,28.24,8.3,72.6,0.1,32.79,7.4,60.8,0.2,30.76,5.5,53.1,0.3,37.34,11.4,46.2,1.4,44.29,17.1
Evansville,Indiana,37.9715592,-87.5710898,277,222,326,322,367,360,363,358,333,315,310,297,247,237,295,361,435,397,363,390,320,410,294,283,205,243,288,362,362,375,452,334,374,307,319,308,34.5,3.3,75.41,58.2,42.8,6.3,74.53,51.4,45,8.4,67.65,48.2,57.4,9.2,66.5,41.1,70,5.1,71.41,36.8,75.5,6.5,71.85,30.8,78.4,4.2,73.98,26.9,75.7,2.7,74.67,28.4,72.9,3.6,72.41,23.9,58.9,4,72.35,36.6,42.7,3.9,75.07,45.9,38.8,4.1,74.86,46.8
Santa Clara,California,37.3541079,-121.9552356,49,57,87,94,128,144,105,134,107,89,94,81,63,79,97,96,109,116,107,99,60,71,67,59,46,64,80,87,107,87,91,85,83,74,75,67,52.1,3.9,76.39,66.1,52.5,3.8,67.96,57.9,55.7,2.4,69.46,59.9,59.7,1,66.15,54.6,61.6,0.5,68.1,56.6,67.6,0,63.35,34.5,69.4,0,66.47,29.3,69.8,0,68.35,39.8,68.7,0,61.76,33.8,63.6,0.1,56.9,29.8,57,1.4,66.29,52.4,52,1.2,69.96,53.8
Abilene,Texas,32.4487364,-99.7331439,145,177,245,211,259,267,230,239,223,197,191,172,154,156,229,235,265,271,259,274,197,167,145,142,126,158,194,187,239,219,252,204,190,170,162,147,44.6,1,56.1,21.2,50,2.5,61.76,27.3,58.5,1.2,57.07,19.9,64.1,3.7,57.93,24.5,73.4,10.8,62.04,26.3,80.8,4.1,61.41,20.1,83.9,1.2,54.1,15.3,83.2,2.1,56.4,20.3,77.1,3.8,64.54,30.8,63.8,5,61.06,27.8,53.2,1.2,62.77,24.1,46.2,4.8,62.77,29
Vallejo,California,38.1040864,-122.2566367,126,124,122,145,153,182,138,182,191,162,169,143,108,91,133,166,161,168,159,169,143,131,125,96,101,90,131,129,155,142,152,140,129,137,104,144,50.7,6.8,82.22,22.1,50.5,6.1,73.22,5.7,54,4.6,76.61,5.9,58.4,2.4,75.27,7,59.4,0.5,75.08,15.3,65.7,0.1,66.58,6.8,65.8,0,68.62,8,67,0,69.42,12.7,66.4,0,65.64,7.3,62.2,0.1,53.68,6.8,54.4,2.1,70.44,15.6,50.7,2.2,70.26,13.3
Allentown,Pennsylvania,40.6022939,-75.4714098,162,180,238,188,228,258,253,283,238,240,220,214,181,151,178,223,225,272,289,318,205,241,222,192,200,153,208,221,291,273,264,292,218,212,220,270,31.6,6.2,62.93,52.7,37.2,3.4,63.01,47.5,38.6,4.1,55.9,45.9,53.6,4.1,57.96,51.9,63.7,6.2,67.24,56.7,71.2,4.4,64.21,40.1,76.6,8.3,69.01,36.6,73.8,8.6,72.26,40.5,68.3,4.3,72.38,42.2,58.2,4.7,70.35,49.2,41.7,4.8,64.39,43.9,35.2,3.8,66.84,52.6
Norman,Oklahoma,35.2225668,-97.4394777,117,121,208,173,267,220,227,191,135,175,146,134,123,139,175,184,215,249,252,274,183,233,187,175,185,156,209,207,266,220,240,232,187,249,174,185,38.9,1.4,64.18,34.6,43.4,2.7,69.69,43.7,52.5,8,62.64,39,58.9,5.6,65.75,39.7,70,7.5,70.75,36.5,77.4,5.8,69.97,30.5,81.9,1.9,65.78,23.7,79.3,9.4,71.35,34.7,74.8,6.5,73.91,33.9,59.7,5.3,69.25,31.5,48.2,0.9,65.55,35.4,41.6,3.6,65.54,39.3
Beaumont,Texas,30.080174,-94.1265562,101,112,154,140,141,168,161,113,151,153,167,130,139,120,167,169,171,163,176,194,143,164,143,109,129,119,135,177,161,164,140,166,112,114,103,165,53.6,6.2,71,47.7,63.5,1.8,78.76,60.5,65.1,4.3,71.41,52.2,68.9,2.8,72.28,44,76.9,7.6,73.59,45.1,81,12.9,77.28,43.1,82.6,7.8,76.74,29.5,82.4,29.4,78.19,32.8,79.7,14.8,77.73,29.2,71.6,6.1,75.52,36.1,61.3,4.6,76.37,40.8,55.6,4.9,76.3,48.8
Independence,Missouri,39.0911161,-94.4155068,164,150,224,204,242,245,219,232,233,216,198,203,162,192,215,201,247,271,253,280,220,256,195,160,155,143,199,192,197,176,274,236,226,274,219,240,31.4,0.8,70.22,45.4,36.6,0.9,67.01,41.6,45.2,2.5,62.2,50.8,55.3,3.6,60.8,41.5,68.4,6.1,67.6,35.5,77.2,4.6,64.62,21.5,80.2,5.5,66.46,18.6,76.3,7.5,71.84,29.8,73.9,3,69.8,25.3,56.4,5.7,67.09,39.2,42.1,0.7,64.99,34.2,36.4,1.5,66.85,38.4
Murfreesboro,Tennessee,35.8456213,-86.39027,295,278,392,387,430,488,509,519,450,442,405,315,249,304,383,458,477,510,544,576,396,441,376,303,285,299,352,436,555,483,583,523,493,508,394,429,40.7,2.9,70.82,60.4,49.2,6.7,72.14,57.7,50,3.8,63.2,46.5,59.9,6.3,67.15,41.6,71.2,4.3,72.57,38.1,75.9,6,73.26,39.1,79,5,75.53,36,77.3,6.1,76.09,38.9,74.6,3.5,73.67,29.6,61.4,4.4,75.01,34.6,46.5,5.6,73.22,40.9,43.3,4.9,74.51,49.9
Ann Arbor,Michigan,42.2808256,-83.7430378,137,118,156,182,295,330,248,276,226,191,200,162,144,118,151,206,258,250,270,256,182,158,192,150,127,121,150,203,252,238,265,233,176,206,161,145,25.3,1.7,78.52,65.5,30.3,2.6,76.08,61.9,33.9,3.2,67.92,50.2,47.2,4.1,66.92,51.8,59.8,4.1,71.53,49.3,68.1,2.5,71.27,40.3,72.9,2.1,72.72,29.8,70.4,2.2,74.56,36.6,65.2,2.6,79.11,39.7,51.9,3.3,78.82,53.3,35.7,2.7,76,67,29.9,1.5,77.63,63.4
Springfield,Illinois,39.7817213,-89.6501481,133,150,225,229,285,303,255,286,240,226,213,232,138,139,233,202,272,235,264,236,199,223,176,167,150,149,163,209,242,297,273,212,222,234,209,217,29,1.9,75.56,53.3,36.4,2.4,73.05,48,41.3,4.6,67.02,50,53.7,5,65.52,41.3,67.8,4.9,71.05,37.3,74.9,4.1,70.89,24.5,77.5,4.2,75.75,22.5,73.9,4,78.41,28,71.5,3.5,72.59,21.5,56,4.6,73.06,42,39.1,2.2,74.41,44.7,34.1,2.4,73.54,42.2
Berkeley,California,37.8715226,-122.273042,27,27,59,55,53,83,78,70,51,83,63,47,25,38,48,62,66,78,82,71,39,83,66,35,38,39,59,56,86,75,63,55,48,62,60,67,51.9,7.7,74.95,26.4,52,2.5,85.5,2.8,54.3,0,66.72,0.1,57.4,0,66.13,3.2,58.3,0.3,70.71,20.8,62.9,0,66.44,11.8,62.3,0,72.09,14.8,64.2,0,69.43,16,64.5,0,69.41,12.8,62.5,0,65.99,11.1,55.5,1,66.36,20.2,52.5,0.6,64.92,12.6
